model,class,support,precision,recall,f1
PAPER-EXP-06A parent,MEL,82,0.6372549019607843,0.7926829268292683,0.7065217391304348
PAPER-EXP-06A parent,NV,2000,0.9708102667337695,0.9645,0.9676448457486833
PAPER-EXP-06A parent,BCC,85,0.7702702702702703,0.6705882352941176,0.7169811320754716
PAPER-EXP-06A parent,AKIEC,19,0.3958333333333333,1.0,0.5671641791044776
PAPER-EXP-06A parent,BKL,135,0.6727272727272727,0.5481481481481482,0.6040816326530613
PAPER-EXP-06D gain=1.00 descriptive,MEL,82,0.6923076923076923,0.7682926829268293,0.7283236994219653
PAPER-EXP-06D gain=1.00 descriptive,NV,2000,0.9675810473815462,0.97,0.968789013732834
PAPER-EXP-06D gain=1.00 descriptive,BCC,85,0.7283950617283951,0.6941176470588235,0.7108433734939759
PAPER-EXP-06D gain=1.00 descriptive,AKIEC,19,0.3409090909090909,0.7894736842105263,0.47619047619047616
PAPER-EXP-06D gain=1.00 descriptive,BKL,135,0.72,0.5333333333333333,0.6127659574468085
PAPER-EXP-08A final gain=1.05,MEL,82,0.6923076923076923,0.7682926829268293,0.7283236994219653
PAPER-EXP-08A final gain=1.05,NV,2000,0.967098703888335,0.97,0.9685471792311533
PAPER-EXP-08A final gain=1.05,BCC,85,0.7160493827160493,0.6823529411764706,0.6987951807228916
PAPER-EXP-08A final gain=1.05,AKIEC,19,0.3488372093023256,0.7894736842105263,0.4838709677419355
PAPER-EXP-08A final gain=1.05,BKL,135,0.72,0.5333333333333333,0.6127659574468085
