system,dataset,n,accuracy,macro_f1,balanced_accuracy,melanoma_recall,macro_auc
PAPER-EXP-06A,ISIC2018_HAM10000,1020.0,0.8539215686274509,0.7615328252488938,0.7576994188886956,0.625,0.9599190750865952
PAPER-EXP-06A,BCN20000,2387.0,0.6954335986594051,0.641995416691071,0.6572455696931545,0.6462809917355372,0.9069797816175885
PAPER-EXP-06A,Derm7pt,71.0,0.8450704225352113,0.8386466408268733,0.8573464912280702,0.7083333333333334,0.9598925230307791
PAPER-EXP-06A,PAD_UFES_20,417.0,0.8009592326139089,0.7730256393235344,0.792411858498815,0.8,0.9631531963817179
PAPER-EXP-06A,EQUAL_DOMAIN_MEAN,,0.7988462056089941,0.753800130522593,0.7661758345771839,0.6949035812672177,0.9474861440291702
PAPER-EXP-06D,ISIC2018_HAM10000,1020.0,0.8549019607843137,0.7571034668692063,0.7433763249218296,0.5729166666666666,0.9605945371553013
PAPER-EXP-06D,BCN20000,2387.0,0.7264348554671135,0.6622302140919646,0.6540164002547173,0.6446280991735537,0.9098328798841905
PAPER-EXP-06D,Derm7pt,71.0,0.8591549295774648,0.867739898989899,0.8677631578947369,0.75,0.96006961590804
PAPER-EXP-06D,PAD_UFES_20,417.0,0.8225419664268585,0.8017561076769489,0.8038102133754308,0.8,0.9659248158434292
PAPER-EXP-06D,EQUAL_DOMAIN_MEAN,,0.8157584280639376,0.7722074219070046,0.7672415241116786,0.6918861914600551,0.9491054621977402
